{
  "routes": [
    {
      "route": "/api/*",
      "allowedRoles": ["anonymous"]
    },
    {
      "route": "/favicon.ico",
      "serve": "/favicon.ico"
    },
    {
      "route": "/static/*",
      "headers": {
        "cache-control": "public, immutable, max-age=31536000"
      }
    },
    {
      "route": "/*.{js,css,png,jpg,jpeg,gif,svg,ico,woff,woff2,ttf,eot}",
      "headers": {
        "cache-control": "public, max-age=604800"
      }
    },
    {
      "route": "/*",
      "serve": "/index.html",
      "statusCode": 200
    }
  ],
  "navigationFallback": {
    "rewrite": "/index.html",
    "exclude": [
      "/api/*",
      "/*.{js,css,png,jpg,jpeg,gif,svg,ico,woff,woff2,ttf,eot}",
      "/static/*"
    ]
  },
  "mimeTypes": {
    ".json": "application/json",
    ".js": "application/javascript",
    ".css": "text/css"
  },
  "globalHeaders": {
    "X-Content-Type-Options": "nosniff",
    "X-Frame-Options": "DENY",
    "X-XSS-Protection": "1; mode=block",
    "Referrer-Policy": "strict-origin-when-cross-origin"
  },
  "responseOverrides": {
    "404": {
      "rewrite": "/index.html",
      "statusCode": 200
    }
  }
}